<?xml version="1.0"?>
<doc>
    <assembly>
        <name>GCRieber.API</name>
    </assembly>
    <members>
        <member name="T:GCRieber.API.Controllers.BookingsController">
            <summary>
            Resource's endpoint
            </summary>
        </member>
        <member name="M:GCRieber.API.Controllers.BookingsController.#ctor(Microsoft.Extensions.Logging.ILogger{GCRieber.API.Controllers.ResourcesController},Microsoft.Extensions.Configuration.IConfiguration,System.Security.Principal.IPrincipal)">
            <summary>
            Resources Controller
            </summary>
            <param name="logger"></param>
            <param name="configuration"></param>
            <param name="principal"></param>
        </member>
        <member name="M:GCRieber.API.Controllers.BookingsController.ListReservation(System.DateTime,System.DateTime)">
            <summary>
            List user reservations
            </summary>
            <returns>List of available Reservation</returns>
        </member>
        <member name="M:GCRieber.API.Controllers.BookingsController.Delete(System.Int32)">
            <summary>
            Delete booking
            </summary>
            <returns>Delete booking sucess message</returns>
        </member>
        <member name="M:GCRieber.API.Controllers.BookingsController.ModifyBookings(System.Int32,GCRieber.API.ViewModels.UpdateBookingViewModel)">
            <summary>
            Modify User's Booking
            </summary>
            <returns>Modify booking sucess message</returns>
        </member>
        <member name="M:GCRieber.API.Controllers.BookingsController.Bookings(System.Int32,GCRieber.API.ViewModels.BookingViewModel)">
            <summary>
            New booking
            </summary>
            <returns>Make a new booking</returns>
        </member>
        <member name="T:GCRieber.API.Controllers.ContentController">
            <summary>
            Content Api
            </summary>
        </member>
        <member name="M:GCRieber.API.Controllers.ContentController.#ctor(Microsoft.Extensions.Logging.ILogger{GCRieber.API.Controllers.ResourcesController},Microsoft.Extensions.Configuration.IConfiguration)">
            <summary>
            Constructor
            </summary>
            <param name="logger"></param>
            <param name="configuration"></param>
        </member>
        <member name="M:GCRieber.API.Controllers.ContentController.Get(System.String)">
            <summary>
            Content of Index json file
            </summary>
            <returns></returns>
        </member>
        <member name="M:GCRieber.API.Controllers.ContentController.GetFile(System.String)">
            <summary>
            Content of Index json file
            </summary>
            <returns></returns>
        </member>
        <member name="T:GCRieber.API.Controllers.DiagnosticController">
            <summary>
            Diagnostic's endpoint
            </summary>
        </member>
        <member name="M:GCRieber.API.Controllers.DiagnosticController.#ctor(Microsoft.AspNetCore.Hosting.IHostingEnvironment)">
            <summary>
            Controller
            </summary>
            <param name="environment"></param>
        </member>
        <member name="M:GCRieber.API.Controllers.DiagnosticController.Get">
            <summary>
            For fetching details about the current environment
            </summary>
            <returns></returns>
        </member>
        <member name="T:GCRieber.API.Controllers.HealthController">
            <summary>
            Healthcheck enpoint should be useable as a health and liveness check
            </summary>
        </member>
        <member name="M:GCRieber.API.Controllers.HealthController.Index">
            <summary>
            Returns the instance health
            </summary>
            <returns>Result model with status</returns>
        </member>
        <member name="T:GCRieber.API.Controllers.LocationsController">
            <summary>
            Resource's endpoint
            </summary>
        </member>
        <member name="M:GCRieber.API.Controllers.LocationsController.#ctor(Microsoft.Extensions.Logging.ILogger{GCRieber.API.Controllers.ResourcesController},Microsoft.Extensions.Configuration.IConfiguration)">
            <summary>
            Locations Controller
            </summary>
            <param name="logger"></param>
            <param name="configuration"></param>
        </member>
        <member name="M:GCRieber.API.Controllers.LocationsController.Get">
            <summary>
            Retrieves all the resource locations
            </summary>
            <returns>List of available locations</returns>
        </member>
        <member name="T:GCRieber.API.Controllers.ResourcesController">
            <summary>
            Resource's endpoint
            </summary>
        </member>
        <member name="M:GCRieber.API.Controllers.ResourcesController.#ctor(Microsoft.Extensions.Logging.ILogger{GCRieber.API.Controllers.ResourcesController},Microsoft.Extensions.Configuration.IConfiguration)">
            <summary>
            Resources Controller
            </summary>
            <param name="logger"></param>
            <param name="configuration"></param>
        </member>
        <member name="M:GCRieber.API.Controllers.ResourcesController.Get(GCRieber.API.ViewModels.ResourceSearchViewModel)">
            <summary>
            Retrieves all the available resources
            </summary>
            <returns>List of available resources</returns>
        </member>
        <member name="M:GCRieber.API.Controllers.ResourcesController.GetDetails(System.Int32)">
            <summary>
            Retrieves resource information
            </summary>
            <returns>List of available information about resource</returns>
        </member>
        <member name="T:GCRieber.API.DependencyInjection">
            <summary>
            Class used to configure the repository classes
            </summary>
        </member>
        <member name="T:GCRieber.API.Enums.ReservationStatus">
            <summary>
            Reservation status
            </summary>
        </member>
        <member name="F:GCRieber.API.Enums.ReservationStatus.Completed">
            <summary>
            1 = reservation completed. Generally all reservations are completed except when the reservation process was not finished (e.g. required online payment missing or shopping cart not checked out). This status means that the period is reserved and unavailable for other customers
            </summary>
        </member>
        <member name="F:GCRieber.API.Enums.ReservationStatus.EmailVerified">
            <summary>
            2 = user's email address has been verified.
            </summary>
        </member>
        <member name="F:GCRieber.API.Enums.ReservationStatus.Confirmed">
            <summary>
            4 = reservation confirmed (self-confirmed, e.g. with a payment or confirmed by the admin)
            </summary>
        </member>
        <member name="F:GCRieber.API.Enums.ReservationStatus.CancelByAdmin">
            <summary>
             8 = cancelled by administrator
            </summary>
        </member>
        <member name="F:GCRieber.API.Enums.ReservationStatus.CancelByUser">
            <summary>
            16 = cancelled by user
            </summary>
        </member>
        <member name="F:GCRieber.API.Enums.ReservationStatus.FraudulentReservation">
            <summary>
             64 = fraudulent reservation
            </summary>
        </member>
        <member name="F:GCRieber.API.Enums.ReservationStatus.Conflict">
            <summary>
              128 = conflict. Conflicts can happen if e.g. you add vacation for a period for which there already exists a reservation.
            </summary>
        </member>
        <member name="F:GCRieber.API.Enums.ReservationStatus.AutomaticCancel">
            <summary>
            512 = reservation was cancelled automatically based on resource rules
            </summary>
        </member>
        <member name="F:GCRieber.API.Enums.ReservationStatus.Quotation">
            <summary>
            2048 = quotation
            </summary>
        </member>
        <member name="F:GCRieber.API.Enums.ReservationStatus.NotCompleted">
            <summary>
             0 = not completed
            </summary>
        </member>
        <member name="F:GCRieber.API.Enums.ReservationStatus.CheckedIn">
            <summary>
            32 = client checked in
            </summary>
        </member>
        <member name="F:GCRieber.API.Enums.ReservationStatus.CheckedOut">
            <summary>
            1024 = client checked out 
            </summary>
        </member>
        <member name="F:GCRieber.API.Enums.ReservationStatus.CompletedEmailVerified">
            <summary>
            3 = Booking completed and user's email verified.
            </summary>
        </member>
        <member name="F:GCRieber.API.Enums.ReservationStatus.CompeletedEmailVerifiedConfirmed">
            <summary>
            7 = Completed, email verified and  reservation confirmed 
            </summary>
        </member>
        <member name="T:GCRieber.API.Enums.DetailLevels">
            <summary>
            Detail level for user reservation info
            </summary>
        </member>
        <member name="F:GCRieber.API.Enums.DetailLevels.ReservationInfo">
            <summary>
            reservation info (all except for price and custom properties)
            </summary>
        </member>
        <member name="F:GCRieber.API.Enums.DetailLevels.ReservationProperties">
            <summary>
            reservation properties (reservation form items)
            </summary>
        </member>
        <member name="F:GCRieber.API.Enums.DetailLevels.PricingInfo">
            <summary>
            pricing info, payments and flexible package assignments
            </summary>
        </member>
        <member name="F:GCRieber.API.Enums.DetailLevels.ResourceProperties">
            <summary>
            custom resource properties
            </summary>
        </member>
        <member name="F:GCRieber.API.Enums.DetailLevels.SiteProperties">
            <summary>
            site properties
            </summary>
        </member>
        <member name="F:GCRieber.API.Enums.DetailLevels.UserProperties">
            <summary>
            user properties
            </summary>
        </member>
        <member name="F:GCRieber.API.Enums.DetailLevels.PriceLocation">
            <summary>
            site properties = 12
            </summary>
        </member>
        <member name="T:GCRieber.API.Enums.ResourceDetailLevels">
            <summary>
            Resource detail level enums
            </summary>
        </member>
        <member name="F:GCRieber.API.Enums.ResourceDetailLevels.ResourceName">
            <summary>
            Resource name
            </summary>
        </member>
        <member name="F:GCRieber.API.Enums.ResourceDetailLevels.ResourceSettings">
            <summary>
            Resource settings  (quantity, site_id, confirmation_type, category, unit_names, resource admin info)
            </summary>
        </member>
        <member name="F:GCRieber.API.Enums.ResourceDetailLevels.ResourceProperties">
            <summary>
            Resource properties (resource-specific properties)
            </summary>
        </member>
        <member name="F:GCRieber.API.Enums.ResourceDetailLevels.ResourcePhotos">
            <summary>
            Resource photos
            </summary>
        </member>
        <member name="T:GCRieber.API.Helpers.AppHelper">
            <summary>
            Application helper methods
            </summary>
        </member>
        <member name="M:GCRieber.API.Helpers.AppHelper.SplitWords(System.String)">
            <summary>
            Split on all non-word characters.
            </summary>
            <param name="s"></param>
            <returns>Returns an array of all the words.</returns>
        </member>
        <member name="M:GCRieber.API.Helpers.AppHelper.IsAlpha(System.String)">
            <summary>
            Check string contains only alphabets
            </summary>
            <param name="s"></param>
            <returns></returns>
        </member>
        <member name="M:GCRieber.API.Helpers.AppHelper.IsNumeric(System.String)">
            <summary>
            String contains only numeric
            </summary>
            <param name="s"></param>
            <returns></returns>
        </member>
        <member name="M:GCRieber.API.Helpers.AppHelper.TryLookupRemoteIpAddress(Microsoft.AspNetCore.Http.HttpRequest,Microsoft.AspNetCore.Http.IHttpContextAccessor,System.String@)">
            <summary>
            Attempt to lookup remote IP address by looking at the header X-Forwarded-For, then the HttpContextAccessor.
            </summary>
            <param name="request">HTTP request</param>
            <param name="accessor">HTTP context accessor</param>
            <param name="ipAddress">value to be set</param>
            <returns>IP address</returns>
        </member>
        <member name="M:GCRieber.API.Helpers.AppHelper.TimeStamp">
            <summary>
            Time stamp for planyo api
            </summary>
            <returns></returns>
        </member>
        <member name="M:GCRieber.API.Helpers.AppHelper.CreateHash(System.String)">
            <summary>
            Create md5 hash
            </summary>
            <param name="input"></param>
            <returns></returns>
        </member>
        <member name="M:GCRieber.API.Helpers.AppHelper.GetActiveUserId(System.Security.Claims.ClaimsIdentity)">
            <summary>
            Get id of request user
            </summary>
            <param name="identity"></param>
            <returns></returns>
        </member>
        <member name="M:GCRieber.API.Helpers.AppHelper.GetActiveUserEmail(System.Security.Claims.ClaimsIdentity)">
            <summary>
            Get the email of request user
            </summary>
            <param name="identity"></param>
            <returns></returns>
        </member>
        <member name="M:GCRieber.API.Helpers.AppHelper.StoragePath(System.String)">
            <summary>
            Azure Storage image path
            </summary>
            <param name="path"></param>
            <returns></returns>
        </member>
        <member name="M:GCRieber.API.Helpers.AppHelper.DecodeText(System.String)">
            <summary>
            Text decoding
            </summary>
            <param name="text"></param>
            <returns></returns>
        </member>
        <member name="M:GCRieber.API.Helpers.AppHelper.DecodeUrl(System.String)">
            <summary>
            Url decode
            </summary>
            <param name="path"></param>
            <returns></returns>
        </member>
        <member name="T:GCRieber.API.Helpers.AzureBlobHelper.AzureBlobDirectoryContents">
            <summary>
            Blob directory contents
            </summary>
        </member>
        <member name="P:GCRieber.API.Helpers.AzureBlobHelper.AzureBlobDirectoryContents.Exists">
            <summary>
            
            </summary>
        </member>
        <member name="M:GCRieber.API.Helpers.AzureBlobHelper.AzureBlobDirectoryContents.#ctor(Microsoft.WindowsAzure.Storage.Blob.CloudBlobDirectory)">
            <summary>
            Ctor
            </summary>
            <param name="blob"></param>
        </member>
        <member name="M:GCRieber.API.Helpers.AzureBlobHelper.AzureBlobDirectoryContents.GetEnumerator">
            <summary>
            Enumerate on all directory files
            </summary>
            <returns></returns>
        </member>
        <member name="T:GCRieber.API.Helpers.AzureBlobHelper.AzureBlobFileInfo">
            <summary>
            Azure blob file info
            </summary>
        </member>
        <member name="M:GCRieber.API.Helpers.AzureBlobHelper.AzureBlobFileInfo.#ctor(Microsoft.WindowsAzure.Storage.Blob.IListBlobItem)">
            <summary>
            Ctor
            </summary>
            <param name="blob"></param>
        </member>
        <member name="M:GCRieber.API.Helpers.AzureBlobHelper.AzureBlobFileInfo.CreateReadStream">
            <summary>
            Stream of file content
            </summary>
            <returns></returns>
        </member>
        <member name="P:GCRieber.API.Helpers.AzureBlobHelper.AzureBlobFileInfo.Exists">
            <summary>
            File existance
            </summary>
        </member>
        <member name="P:GCRieber.API.Helpers.AzureBlobHelper.AzureBlobFileInfo.Length">
            <summary>
            File length
            </summary>
        </member>
        <member name="P:GCRieber.API.Helpers.AzureBlobHelper.AzureBlobFileInfo.PhysicalPath">
            <summary>
            Storage file path
            </summary>
        </member>
        <member name="P:GCRieber.API.Helpers.AzureBlobHelper.AzureBlobFileInfo.Name">
            <summary>
            File Name
            </summary>
        </member>
        <member name="P:GCRieber.API.Helpers.AzureBlobHelper.AzureBlobFileInfo.LastModified">
            <summary>
            Last modified date of file
            </summary>
        </member>
        <member name="P:GCRieber.API.Helpers.AzureBlobHelper.AzureBlobFileInfo.IsDirectory">
            <summary>
            Directory or file
            </summary>
        </member>
        <member name="T:GCRieber.API.Helpers.AzureBlobHelper.AzureBlobFileProvider">
            <summary>
            Azure blob file provider
            </summary>
        </member>
        <member name="M:GCRieber.API.Helpers.AzureBlobHelper.AzureBlobFileProvider.#ctor(GCRieber.API.Helpers.AzureBlobHelper.AzureBlobOptions)">
            <summary>
            Ctor
            </summary>
            <param name="azureBlobOptions"></param>
        </member>
        <member name="M:GCRieber.API.Helpers.AzureBlobHelper.AzureBlobFileProvider.GetDirectoryContents(System.String)">
            <summary>
            Get the directory contents
            </summary>
            <param name="subpath"></param>
            <returns></returns>
        </member>
        <member name="M:GCRieber.API.Helpers.AzureBlobHelper.AzureBlobFileProvider.GetFileInfo(System.String)">
            <summary>
            Get the blob file info
            </summary>
            <param name="subpath"></param>
            <returns></returns>
        </member>
        <member name="M:GCRieber.API.Helpers.AzureBlobHelper.AzureBlobFileProvider.Watch(System.String)">
            <summary>
            Not implemented
            </summary>
            <param name="filter"></param>
            <returns></returns>
        </member>
        <member name="T:GCRieber.API.Helpers.AzureBlobHelper.AzureBlobOptions">
            <summary>
            Blob options
            </summary>
        </member>
        <member name="P:GCRieber.API.Helpers.AzureBlobHelper.AzureBlobOptions.BaseUri">
            <summary>
            Storage base uri
            </summary>
        </member>
        <member name="P:GCRieber.API.Helpers.AzureBlobHelper.AzureBlobOptions.Token">
            <summary>
            Storage SAS token
            </summary>
        </member>
        <member name="P:GCRieber.API.Helpers.AzureBlobHelper.AzureBlobOptions.DocumentContainer">
            <summary>
            Container
            </summary>
        </member>
        <member name="P:GCRieber.API.Helpers.AzureBlobHelper.AzureBlobOptions.ConnectionString">
            <summary>
            Storage connection string
            </summary>
        </member>
        <member name="T:GCRieber.API.Helpers.ReservationActions">
            <summary>
            Reservation actions
            </summary>
        </member>
        <member name="F:GCRieber.API.Helpers.ReservationActions.Verify">
            <summary>
            email address verified
            </summary>
        </member>
        <member name="F:GCRieber.API.Helpers.ReservationActions.Confirm">
            <summary>
            Confirm
            </summary>
        </member>
        <member name="F:GCRieber.API.Helpers.ReservationActions.Preapprove">
            <summary>
            automatically confirm this and all future reservations of this user
            </summary>
        </member>
        <member name="F:GCRieber.API.Helpers.ReservationActions.Fraud">
            <summary>
            cancel this reservation and prevent this customer from making future reservations
            </summary>
        </member>
        <member name="F:GCRieber.API.Helpers.ReservationActions.Cancel">
            <summary>
            reservation cancelled by the administrator
            </summary>
        </member>
        <member name="F:GCRieber.API.Helpers.ReservationActions.UserCancel">
            <summary>
            reservation cancelled by the customer
            </summary>
        </member>
        <member name="F:GCRieber.API.Helpers.ReservationActions.Checkin">
            <summary>
            customer is checking in
            </summary>
        </member>
        <member name="F:GCRieber.API.Helpers.ReservationActions.ClearCheckin">
            <summary>
            remove the checked-in status
            </summary>
        </member>
        <member name="F:GCRieber.API.Helpers.ReservationActions.Checkout">
            <summary>
            customer is checking out
            </summary>
        </member>
        <member name="F:GCRieber.API.Helpers.ReservationActions.Noshow">
            <summary>
            customer hasn't showed up
            </summary>
        </member>
        <member name="F:GCRieber.API.Helpers.ReservationActions.ClearNoshow">
            <summary>
            remove the no - show status
            </summary>
        </member>
        <member name="F:GCRieber.API.Helpers.ReservationActions.Unconfirm">
            <summary>
            remove the confirmed status
            </summary>
        </member>
        <member name="F:GCRieber.API.Helpers.ReservationActions.Uncancel">
            <summary>
            remove the canceled status
            </summary>
        </member>
        <member name="F:GCRieber.API.Helpers.ReservationActions.MakeNotCompleted">
            <summary>
            remove both the reserved and confirmed statuses
            </summary>
        </member>
        <member name="F:GCRieber.API.Helpers.ReservationActions.MarkAsQuote">
            <summary>
            remove the reserved status and mark reservation as a quotation
            </summary>
        </member>
        <member name="T:GCRieber.API.Helpers.IResult">
            <summary>
            IResult data return type
            </summary>
        </member>
        <member name="P:GCRieber.API.Helpers.IResult.Operation">
            <summary>
            operation type property
            </summary>
        </member>
        <member name="P:GCRieber.API.Helpers.IResult.Status">
            <summary>
            operation status
            </summary>
        </member>
        <member name="P:GCRieber.API.Helpers.IResult.Message">
            <summary>
            Oparation message if any
            </summary>
        </member>
        <member name="P:GCRieber.API.Helpers.IResult.Body">
            <summary>
            operation body
            </summary>
        </member>
        <member name="P:GCRieber.API.Helpers.IResult.StatusCode">
            <summary>
            Http status code
            </summary>
        </member>
        <member name="T:GCRieber.API.Helpers.Result">
            <summary>
            Result 
            </summary>
        </member>
        <member name="P:GCRieber.API.Helpers.Result.Operation">
            <summary>
            operation type property
            </summary>
        </member>
        <member name="P:GCRieber.API.Helpers.Result.Status">
            <summary>
            operation status
            </summary>
        </member>
        <member name="P:GCRieber.API.Helpers.Result.Message">
            <summary>
            Oparation message if any
            </summary>
        </member>
        <member name="P:GCRieber.API.Helpers.Result.Body">
            <summary>
            operation body
            </summary>
        </member>
        <member name="P:GCRieber.API.Helpers.Result.StatusCode">
            <summary>
            Http status code
            </summary>
        </member>
        <member name="T:GCRieber.API.Helpers.PlanyoApiClient">
            <summary>
            Planyo settings
            </summary>
        </member>
        <member name="P:GCRieber.API.Helpers.PlanyoApiClient.ApiBaseUrL">
            <summary>
            Planyo api base url
            </summary>
        </member>
        <member name="P:GCRieber.API.Helpers.PlanyoApiClient.ApiKey">
            <summary>
            Planyo api key
            </summary>
        </member>
        <member name="P:GCRieber.API.Helpers.PlanyoApiClient.ApiHashKey">
            <summary>
            Planyo api hash key
            it is to use only if hash is enabled
            </summary>
        </member>
        <member name="M:GCRieber.API.Helpers.PlanyoApiClient.#ctor(Microsoft.Extensions.Configuration.IConfiguration)">
            <summary>
            Initialize the planyo settings
            </summary>
            <param name="configuration"></param>
        </member>
        <member name="M:GCRieber.API.Helpers.PlanyoApiClient.ExecuteApiAsync``1(RestSharp.RestRequest,System.String)">
            <summary>
            Execute api async
            </summary>
            <typeparam name="T"></typeparam>
            <param name="request"></param>
            <param name="methodName"></param>
            <returns></returns>
        </member>
        <member name="M:GCRieber.API.Startup.ConfigureAuth(Microsoft.Extensions.DependencyInjection.IServiceCollection)">
            <summary>
            In development mode, we must ensure that unauthenticated users have access.
            </summary>
            <param name="services"></param>
        </member>
        <member name="M:GCRieber.API.Startup.#ctor(Microsoft.Extensions.Configuration.IConfiguration,Microsoft.AspNetCore.Hosting.IHostingEnvironment)">
            <summary>
            start up
            </summary>
            <param name="configuration"></param>
            <param name="environment"></param>
        </member>
        <member name="M:GCRieber.API.Startup.ConfigureServices(Microsoft.Extensions.DependencyInjection.IServiceCollection)">
            <summary>
            This method gets called by the runtime. Use this method to add services to the container.
            </summary>
            <param name="services"></param>
        </member>
        <member name="M:GCRieber.API.Startup.Configure(Microsoft.AspNetCore.Builder.IApplicationBuilder,Microsoft.AspNetCore.Hosting.IHostingEnvironment,Microsoft.Extensions.Logging.ILoggerFactory)">
            <summary>
            This method gets called by the runtime. Use this method to configure the HTTP request pipeline.
            </summary>
            <param name="app"></param>
            <param name="env"></param>
            <param name="loggerFactory"></param>
        </member>
        <member name="M:GCRieber.API.Startup.ConfigureSwagger(Microsoft.Extensions.DependencyInjection.IServiceCollection)">
            <summary>
            swagger configuration
            </summary>
            <param name="services"></param>
        </member>
        <member name="M:GCRieber.API.Startup.ConfigureSwaggerUiAuth(Microsoft.AspNetCore.Http.HttpContext)">
            <summary>
            swagger ui auth
            </summary>
            <param name="context"></param>
        </member>
        <member name="M:GCRieber.API.Startup.ConfigureMonitoring(Microsoft.Extensions.DependencyInjection.IServiceCollection)">
            <summary>
            configure monitoring
            </summary>
            <param name="services"></param>
        </member>
        <member name="T:GCRieber.API.ViewModels.BookingListViewModel">
            <summary>
            Booking List
            </summary>
        </member>
        <member name="P:GCRieber.API.ViewModels.BookingListViewModel.Results">
            <summary>
            Result property
            </summary>
        </member>
        <member name="T:GCRieber.API.ViewModels.Booking">
            <summary>
            Result of the search
            </summary>
        </member>
        <member name="P:GCRieber.API.ViewModels.Booking.ReservationId">
            <summary>
            Reservation ID of resource
            </summary>
        </member>
        <member name="P:GCRieber.API.ViewModels.Booking.Status">
            <summary>
            Status of booking
            </summary>
        </member>
        <member name="P:GCRieber.API.ViewModels.Booking.StatusText">
            <summary>
            Current status text
            </summary>
        </member>
        <member name="P:GCRieber.API.ViewModels.Booking.CreationTime">
            <summary>
            Creation time of booking
            </summary>
        </member>
        <member name="P:GCRieber.API.ViewModels.Booking.Quantity">
            <summary>
            Quantity of resource
            </summary>
        </member>
        <member name="P:GCRieber.API.ViewModels.Booking.StartTime">
            <summary>
            Start time of booking
            </summary>
        </member>
        <member name="P:GCRieber.API.ViewModels.Booking.EndTime">
            <summary>
            End time of booking
            </summary>
        </member>
        <member name="P:GCRieber.API.ViewModels.Booking.Currency">
            <summary>
            Currency of price
            </summary>
        </member>
        <member name="P:GCRieber.API.ViewModels.Booking.FirstName">
            <summary>
            First name of customer
            </summary>
        </member>
        <member name="P:GCRieber.API.ViewModels.Booking.LastName">
            <summary>
            Last name of customer
            </summary>
        </member>
        <member name="P:GCRieber.API.ViewModels.Booking.Email">
            <summary>
            Email id of customer
            </summary>
        </member>
        <member name="P:GCRieber.API.ViewModels.Booking.ResourceId">
            <summary>
            Resource Id
            </summary>
        </member>
        <member name="P:GCRieber.API.ViewModels.Booking.Name">
            <summary>
            Resource Name
            </summary>
        </member>
        <member name="P:GCRieber.API.ViewModels.Booking.TotalPrice">
            <summary>
            Total price of booking
            </summary>
        </member>
        <member name="P:GCRieber.API.ViewModels.Booking.OriginalPrice">
            <summary>
            Original price of booking
            </summary>
        </member>
        <member name="T:GCRieber.API.ViewModels.BookingResponseViewModel">
            <summary>
            Booking response
            </summary>
        </member>
        <member name="P:GCRieber.API.ViewModels.BookingResponseViewModel.ReservationId">
            <summary>
            Reservation ID of resource
            </summary>
        </member>
        <member name="P:GCRieber.API.ViewModels.BookingResponseViewModel.Status">
            <summary>
            Status of booking
            </summary>
        </member>
        <member name="P:GCRieber.API.ViewModels.BookingResponseViewModel.StatusText">
            <summary>
            Current status text
            </summary>
        </member>
        <member name="P:GCRieber.API.ViewModels.BookingResponseViewModel.ResourceId">
            <summary>
            Resource Id
            </summary>
        </member>
        <member name="P:GCRieber.API.ViewModels.BookingResponseViewModel.Currency">
            <summary>
            Currency
            </summary>
        </member>
        <member name="P:GCRieber.API.ViewModels.BookingResponseViewModel.Properties">
            <summary>
            Properties
            </summary>
        </member>
        <member name="P:GCRieber.API.ViewModels.BookingResponseViewModel.TotalPrice">
            <summary>
            Total price of booking
            </summary>
        </member>
        <member name="P:GCRieber.API.ViewModels.BookingResponseViewModel.OriginalPrice">
            <summary>
            Original price of booking
            </summary>
        </member>
        <member name="P:GCRieber.API.ViewModels.BookingResponseViewModel.Discount">
            <summary>
            Discount
            </summary>
        </member>
        <member name="T:GCRieber.API.ViewModels.BookingResponseProperties">
            <summary>
            Booking response properites
            </summary>
        </member>
        <member name="P:GCRieber.API.ViewModels.BookingResponseProperties.RentalTaxRate">
            <summary>
            Rental Tax Rate
            </summary>
        </member>
        <member name="T:GCRieber.API.ViewModels.BookingViewModel">
            <summary>
            Booking view model
            </summary>
        </member>
        <member name="P:GCRieber.API.ViewModels.BookingViewModel.StartDate">
            <summary>
            Start Date and time
            </summary>
        </member>
        <member name="P:GCRieber.API.ViewModels.BookingViewModel.EndDate">
            <summary>
            End Date and time 
            </summary>
        </member>
        <member name="P:GCRieber.API.ViewModels.BookingViewModel.Quantity">
            <summary>
            Quantity of Resource
            </summary>
        </member>
        <member name="P:GCRieber.API.ViewModels.BookingViewModel.FirstName">
            <summary>
            First Name
            </summary>
        </member>
        <member name="P:GCRieber.API.ViewModels.BookingViewModel.LastName">
            <summary>
            Last Name
            </summary>
        </member>
        <member name="T:GCRieber.API.ViewModels.ContentFileResponseViewModel">
            <summary>
            Content file response
            </summary>
        </member>
        <member name="P:GCRieber.API.ViewModels.ContentFileResponseViewModel.Data">
            <summary>
            Resource list json
            </summary>
        </member>
        <member name="T:GCRieber.API.ViewModels.ContentViewModel">
            <summary>
            Index json file content
            </summary>
        </member>
        <member name="P:GCRieber.API.ViewModels.ContentViewModel.Id">
            <summary>
            content id
            </summary>
        </member>
        <member name="P:GCRieber.API.ViewModels.ContentViewModel.Name">
            <summary>
            content name
            </summary>
        </member>
        <member name="P:GCRieber.API.ViewModels.ContentViewModel.Date">
            <summary>
            date
            </summary>
        </member>
        <member name="P:GCRieber.API.ViewModels.ContentViewModel.Image">
            <summary>
            image path
            </summary>
        </member>
        <member name="P:GCRieber.API.ViewModels.ContentViewModel.Ingress">
            <summary>
            ingress
            </summary>
        </member>
        <member name="P:GCRieber.API.ViewModels.ContentViewModel.LinkText">
            <summary>
            link text
            </summary>
        </member>
        <member name="P:GCRieber.API.ViewModels.ContentViewModel.Tag">
            <summary>
            tag
            </summary>
        </member>
        <member name="P:GCRieber.API.ViewModels.ContentViewModel.Text">
            <summary>
            text
            </summary>
        </member>
        <member name="P:GCRieber.API.ViewModels.ContentViewModel.Permalink">
            <summary>
            perma link
            </summary>
        </member>
        <member name="T:GCRieber.API.ViewModels.DeleteBookingDataViewModel">
            <summary>
            Delete Reservation View Model
            </summary>
        </member>
        <member name="P:GCRieber.API.ViewModels.DeleteBookingDataViewModel.Status">
            <summary>
            Status of reservation
            </summary>
        </member>
        <member name="P:GCRieber.API.ViewModels.DeleteBookingDataViewModel.StatusText">
            <summary>
            Current status text
            </summary>
        </member>
        <member name="P:GCRieber.API.ViewModels.DeleteBookingDataViewModel.UserText">
            <summary>
            User Text
            </summary>
        </member>
        <member name="T:GCRieber.API.ViewModels.PlanyoResponseViewModel`1">
            <summary>
            Planyo response view model
            </summary>
            <typeparam name="T"></typeparam>
        </member>
        <member name="P:GCRieber.API.ViewModels.PlanyoResponseViewModel`1.ResponseCode">
            <summary>
            Response code
            </summary>
        </member>
        <member name="P:GCRieber.API.ViewModels.PlanyoResponseViewModel`1.ResponseMessage">
            <summary>
            Response message
            </summary>
        </member>
        <member name="P:GCRieber.API.ViewModels.PlanyoResponseViewModel`1.Data">
            <summary>
            Resource list json
            </summary>
        </member>
        <member name="T:GCRieber.API.ViewModels.ResourceDetailViewModel">
            <summary>
            Resource data view model
            </summary>
        </member>
        <member name="P:GCRieber.API.ViewModels.ResourceDetailViewModel.Name">
            <summary>
            Resource name
            </summary>
        </member>
        <member name="P:GCRieber.API.ViewModels.ResourceDetailViewModel.TranslatedName">
            <summary>
            Resource name translated to the language passed.
            </summary>
        </member>
        <member name="P:GCRieber.API.ViewModels.ResourceDetailViewModel.Quantity">
            <summary>
            Number of units available
            </summary>
        </member>
        <member name="P:GCRieber.API.ViewModels.ResourceDetailViewModel.Properties">
            <summary>
            Resource-specific properties 
            </summary>
        </member>
        <member name="P:GCRieber.API.ViewModels.ResourceDetailViewModel.Photos">
            <summary>
            Photos Array with photoId as key
            </summary>
        </member>
        <member name="P:GCRieber.API.ViewModels.ResourceDetailViewModel.TimeUnit">
            <summary>
            Base time unit of the resource
            </summary>
        </member>
        <member name="P:GCRieber.API.ViewModels.ResourceDetailViewModel.StartHour">
            <summary>
            Resource is available on working days from this time
            </summary>
        </member>
        <member name="P:GCRieber.API.ViewModels.ResourceDetailViewModel.EndHour">
            <summary>
            Resource is available on working days until this time 
            </summary>
        </member>
        <member name="P:GCRieber.API.ViewModels.ResourceDetailViewModel.StartQuarters">
            <summary>
            Allowed start quarters  
            </summary>
        </member>
        <member name="P:GCRieber.API.ViewModels.ResourceDetailViewModel.UnitPrice">
            <summary>
            Price of one unit
            </summary>
        </member>
        <member name="P:GCRieber.API.ViewModels.ResourceDetailViewModel.UnitNames">
            <summary>
            Comma-seprated unit names
            </summary>
        </member>
        <member name="P:GCRieber.API.ViewModels.ResourceDetailViewModel.Currency">
            <summary>
            Currency in which prices are expressed
            </summary>
        </member>
        <member name="P:GCRieber.API.ViewModels.ResourceDetailViewModel.MaxQuantityPerRental">
            <summary>
            Max. quantity allowed for a single reservation
            </summary>
        </member>
        <member name="P:GCRieber.API.ViewModels.ResourceDetailViewModel.MinRentalTime">
            <summary>
            Minimum rental time expressed in hours
            </summary>
        </member>
        <member name="P:GCRieber.API.ViewModels.ResourceDetailViewModel.MaxRentalTime">
            <summary>
            Maximum rental time expressed in hours
            </summary>
        </member>
        <member name="P:GCRieber.API.ViewModels.ResourceDetailViewModel.StartTimes">
            <summary>
            Resource setting Restrict starting times.
            </summary>
        </member>
        <member name="P:GCRieber.API.ViewModels.ResourceDetailViewModel.MinHoursToRental">
            <summary>
            Resource setting Min. time between reservation and rental.
            </summary>
        </member>
        <member name="P:GCRieber.API.ViewModels.ResourceDetailViewModel.MaxDaysToRental">
            <summary>
            Resource setting Max. time between reservation and rental. 
            </summary>
        </member>
        <member name="T:GCRieber.API.ViewModels.Photo">
            <summary>
            Information about image
            </summary>
        </member>
        <member name="P:GCRieber.API.ViewModels.Photo.Id">
             <summary>
            Image Id
             </summary>
        </member>
        <member name="P:GCRieber.API.ViewModels.Photo.Path">
             <summary>
            Image path
             </summary>
        </member>
        <member name="P:GCRieber.API.ViewModels.Photo.Title">
             <summary>
            Image title
             </summary>
        </member>
        <member name="T:GCRieber.API.ViewModels.Properties">
            <summary>
            properties
            </summary>
        </member>
        <member name="P:GCRieber.API.ViewModels.Properties.NumberOfPersons">
             <summary>
            No. of persons
             </summary>
        </member>
        <member name="P:GCRieber.API.ViewModels.Properties.Location">
            <summary>
            Location
            </summary>
        </member>
        <member name="P:GCRieber.API.ViewModels.Properties.Description">
             <summary>
            Description
             </summary>
        </member>
        <member name="T:GCRieber.API.ViewModels.ResourceSearchResultViewModel">
            <summary>
            Resource search results
            </summary>
        </member>
        <member name="P:GCRieber.API.ViewModels.ResourceSearchResultViewModel.Results">
            <summary>
            Resources
            </summary>
        </member>
        <member name="T:GCRieber.API.ViewModels.ResourceSearchItemViewModel">
            <summary>
            Single Resource item
            </summary>
        </member>
        <member name="P:GCRieber.API.ViewModels.ResourceSearchItemViewModel.name">
            <summary>
            Resource Name
            </summary>
        </member>
        <member name="P:GCRieber.API.ViewModels.ResourceSearchItemViewModel.id">
            <summary>
            Resource id
            </summary>
        </member>
        <member name="P:GCRieber.API.ViewModels.ResourceSearchItemViewModel.translated_name">
            <summary>
            Resource Name
            </summary>
        </member>
        <member name="P:GCRieber.API.ViewModels.ResourceSearchItemViewModel.is_unavailable">
            <summary>
            Resource availablity
            </summary>
        </member>
        <member name="P:GCRieber.API.ViewModels.ResourceSearchItemViewModel.Photos">
            <summary>
            Photos Array with photoId as key
            </summary>
        </member>
        <member name="T:GCRieber.API.ViewModels.ResourceSearchViewModel">
            <summary>
            Resource search view model
            </summary>
        </member>
        <member name="T:GCRieber.API.ViewModels.ResourceDataViewModel">
            <summary>
            Resource data view model
            </summary>
        </member>
        <member name="P:GCRieber.API.ViewModels.ResourceDataViewModel.ResourceCount">
            <summary>
            Total number of resources
            </summary>
        </member>
        <member name="P:GCRieber.API.ViewModels.ResourceDataViewModel.MaxPage">
            <summary>
            Max pages
            </summary>
        </member>
        <member name="P:GCRieber.API.ViewModels.ResourceDataViewModel.Resources">
            <summary>
            Resources
            </summary>
        </member>
        <member name="T:GCRieber.API.ViewModels.ResourceItemViewModel">
            <summary>
            Single Resource item
            </summary>
        </member>
        <member name="P:GCRieber.API.ViewModels.ResourceItemViewModel.Name">
            <summary>
            Resource Name
            </summary>
        </member>
        <member name="P:GCRieber.API.ViewModels.ResourceItemViewModel.Id">
            <summary>
            Resource id
            </summary>
        </member>
        <member name="P:GCRieber.API.ViewModels.ResourceItemViewModel.TranslatedName">
            <summary>
            Resource Name
            </summary>
        </member>
        <member name="P:GCRieber.API.ViewModels.ResourceItemViewModel.Properties">
            <summary>
            Resource-specific properties 
            </summary>
        </member>
        <member name="T:GCRieber.API.ViewModels.UpdateBookingResponseViewModel">
            <summary>
            Update booking response
            </summary>
        </member>
        <member name="P:GCRieber.API.ViewModels.UpdateBookingResponseViewModel.WarningText">
            <summary>
            Warning Text
            </summary>
        </member>
        <member name="P:GCRieber.API.ViewModels.UpdateBookingResponseViewModel.Status">
            <summary>
            Status of reservation
            </summary>
        </member>
        <member name="T:GCRieber.API.ViewModels.UpdateBookingViewModel">
            <summary>
            Modify booking view model
            </summary>
        </member>
        <member name="P:GCRieber.API.ViewModels.UpdateBookingViewModel.StartTime">
            <summary>
            Start date and time
            </summary>
        </member>
        <member name="P:GCRieber.API.ViewModels.UpdateBookingViewModel.EndTime">
            <summary>
            End date and time 
            </summary>
        </member>
        <member name="P:GCRieber.API.ViewModels.UpdateBookingViewModel.ResourceId">
            <summary>
            Resource id to modify
            </summary>
        </member>
        <member name="P:GCRieber.API.ViewModels.UpdateBookingViewModel.Location">
            <summary>
            Location of the resource
            </summary>
        </member>
        <member name="P:GCRieber.API.ViewModels.UserDataViewModel.Id">
            <summary>
            User ID
            </summary>
        </member>
        <member name="P:GCRieber.API.ViewModels.UserDataViewModel.Email">
            <summary>
            User Email
            </summary>
        </member>
        <member name="P:GCRieber.API.ViewModels.UserDataViewModel.FirstName">
            <summary>
            First name of user
            </summary>
        </member>
        <member name="T:GCRieber.API.ViewModels.CreateUserResponseViewModel">
            <summary>
            Create new user data model
            </summary>
        </member>
        <member name="P:GCRieber.API.ViewModels.CreateUserResponseViewModel.User_id">
            <summary>
            Status of reservation
            </summary>
        </member>
        <member name="P:GCRieber.API.ViewModels.CreateUserResponseViewModel.Is_new">
            <summary>
            Status of reservation
            </summary>
        </member>
    </members>
</doc>
