<?xml version="1.0"?>
<doc>
    <assembly>
        <name>GCRieber.API</name>
    </assembly>
    <members>
        <member name="T:GCRieber.API.Controllers.BookingsController">
            <summary>
            Resource's endpoint
            </summary>
        </member>
        <member name="M:GCRieber.API.Controllers.BookingsController.#ctor(Microsoft.Extensions.Logging.ILogger{GCRieber.API.Controllers.ResourcesController},Microsoft.Extensions.Configuration.IConfiguration,System.Security.Principal.IPrincipal)">
            <summary>
            Resources Controller
            </summary>
            <param name="logger"></param>
            <param name="configuration"></param>
            <param name="principal"></param>
        </member>
        <member name="M:GCRieber.API.Controllers.BookingsController.ListReservation(System.DateTime,System.DateTime)">
            <summary>
            List user reservations
            </summary>
            <returns>List of available Reservation</returns>
        </member>
        <member name="M:GCRieber.API.Controllers.BookingsController.Delete(System.Int32)">
            <summary>
            Delete booking
            </summary>
            <returns>Delete booking sucess message</returns>
        </member>
        <member name="M:GCRieber.API.Controllers.BookingsController.ModifyBookings(System.Int32,GCRieber.API.ViewModels.UpdateBookingViewModel)">
            <summary>
            Modify User's Booking
            </summary>
            <returns>Modify booking sucess message</returns>
        </member>
        <member name="M:GCRieber.API.Controllers.BookingsController.Bookings(System.Int32,GCRieber.API.ViewModels.BookingViewModel)">
            <summary>
            New booking
            </summary>
            <returns>Make a new booking</returns>
        </member>
        <member name="M:GCRieber.API.Controllers.BookingsController.AddPayment(GCRieber.API.ViewModels.BookingPaymentViewModel)">
            <summary>
            Add booking payment details
            </summary>
            <returns>Add payment details for booking</returns>
        </member>
        <member name="M:GCRieber.API.Controllers.BookingsController.ListReservationPayments(System.Int32)">
            <summary>
            List booking payment details
            </summary>
            <returns>List payment details for booking</returns>
        </member>
        <member name="M:GCRieber.API.Controllers.BookingsController.ListPayments(GCRieber.API.ViewModels.ListPaymentViewModel)">
             <summary>
            List payments made for your reservations
             </summary>
             <returns>List payment details for bookings</returns>
        </member>
        <member name="T:GCRieber.API.Controllers.DiagnosticController">
            <summary>
            Diagnostic's endpoint
            </summary>
        </member>
        <member name="M:GCRieber.API.Controllers.DiagnosticController.#ctor(Microsoft.AspNetCore.Hosting.IHostingEnvironment)">
            <summary>
            Controller
            </summary>
            <param name="environment"></param>
        </member>
        <member name="M:GCRieber.API.Controllers.DiagnosticController.Get">
            <summary>
            For fetching details about the current environment
            </summary>
            <returns></returns>
        </member>
        <member name="T:GCRieber.API.Controllers.HealthController">
            <summary>
            Healthcheck enpoint should be useable as a health and liveness check
            </summary>
        </member>
        <member name="M:GCRieber.API.Controllers.HealthController.Index">
            <summary>
            Returns the instance health
            </summary>
            <returns>Result model with status</returns>
        </member>
        <member name="T:GCRieber.API.Controllers.ResourcesController">
            <summary>
            Resource's endpoint
            </summary>
        </member>
        <member name="M:GCRieber.API.Controllers.ResourcesController.#ctor(Microsoft.Extensions.Logging.ILogger{GCRieber.API.Controllers.ResourcesController},Microsoft.Extensions.Configuration.IConfiguration)">
            <summary>
            Resources Controller
            </summary>
            <param name="logger"></param>
            <param name="configuration"></param>
        </member>
        <member name="M:GCRieber.API.Controllers.ResourcesController.Get">
            <summary>
            Retrieves all the available resources
            </summary>
            <returns>List of available resources</returns>
        </member>
        <member name="M:GCRieber.API.Controllers.ResourcesController.GetDetails(System.Int32)">
            <summary>
            Retrieves resource information
            </summary>
            <returns>List of available information about resource</returns>
        </member>
        <member name="T:GCRieber.API.DependencyInjection">
            <summary>
            Class used to configure the repository classes
            </summary>
        </member>
        <member name="T:GCRieber.API.Enums.ReservationStatus">
            <summary>
            Reservation status
            </summary>
        </member>
        <member name="F:GCRieber.API.Enums.ReservationStatus.NotCompleted">
            <summary>
             0 = not completed
            </summary>
        </member>
        <member name="F:GCRieber.API.Enums.ReservationStatus.Completed">
            <summary>
            1 = reservation completed. Generally all reservations are completed except when the reservation process was not finished (e.g. required online payment missing or shopping cart not checked out). This status means that the period is reserved and unavailable for other customers
            </summary>
        </member>
        <member name="F:GCRieber.API.Enums.ReservationStatus.EmailVerified">
            <summary>
            2 = user's email address has been verified.
            </summary>
        </member>
        <member name="F:GCRieber.API.Enums.ReservationStatus.Confirmed">
            <summary>
            4 = reservation confirmed (self-confirmed, e.g. with a payment or confirmed by the admin)
            </summary>
        </member>
        <member name="F:GCRieber.API.Enums.ReservationStatus.CancelByAdmin">
            <summary>
             8 = cancelled by administrator
            </summary>
        </member>
        <member name="F:GCRieber.API.Enums.ReservationStatus.CancelByUser">
            <summary>
            16 = cancelled by user
            </summary>
        </member>
        <member name="F:GCRieber.API.Enums.ReservationStatus.CheckedIn">
            <summary>
            32 = client checked in
            </summary>
        </member>
        <member name="F:GCRieber.API.Enums.ReservationStatus.FraudulentReservation">
            <summary>
             64 = fraudulent reservation
            </summary>
        </member>
        <member name="F:GCRieber.API.Enums.ReservationStatus.Conflict">
            <summary>
              128 = conflict. Conflicts can happen if e.g. you add vacation for a period for which there already exists a reservation.
            </summary>
        </member>
        <member name="F:GCRieber.API.Enums.ReservationStatus.AutomaticCancel">
            <summary>
            512 = reservation was cancelled automatically based on resource rules
            </summary>
        </member>
        <member name="F:GCRieber.API.Enums.ReservationStatus.CheckedOut">
            <summary>
            1024 = client checked out 
            </summary>
        </member>
        <member name="F:GCRieber.API.Enums.ReservationStatus.Quotation">
            <summary>
            2048 = quotation
            </summary>
        </member>
        <member name="F:GCRieber.API.Enums.ReservationStatus.Completed_EmailVerified">
            <summary>
            3 = Booking completed and user's email verified.
            </summary>
        </member>
        <member name="F:GCRieber.API.Enums.ReservationStatus.Compeleted_EmailVerified_Confirmed">
            <summary>
            7 = Completed, email verified and  reservation confirmed 
            </summary>
        </member>
        <member name="F:GCRieber.API.Enums.ReservationStatus.Cancelled_by_client">
            <summary>
            19 = Cancelled by client
            </summary>
        </member>
        <member name="F:GCRieber.API.Enums.ReservationStatus.Cancelled_by_admin">
            <summary>
            11 = Cancelled by admin
            </summary>
        </member>
        <member name="T:GCRieber.API.Enums.DetailLevels">
            <summary>
            Detail level for user reservation info
            </summary>
        </member>
        <member name="F:GCRieber.API.Enums.DetailLevels.ReservationInfo">
            <summary>
            reservation info (all except for price and custom properties)
            </summary>
        </member>
        <member name="F:GCRieber.API.Enums.DetailLevels.ReservationProperties">
            <summary>
            reservation properties (reservation form items)
            </summary>
        </member>
        <member name="F:GCRieber.API.Enums.DetailLevels.PricingInfo">
            <summary>
            pricing info, payments and flexible package assignments
            </summary>
        </member>
        <member name="F:GCRieber.API.Enums.DetailLevels.ResourceProperties">
            <summary>
            custom resource properties
            </summary>
        </member>
        <member name="F:GCRieber.API.Enums.DetailLevels.SiteProperties">
            <summary>
            site properties
            </summary>
        </member>
        <member name="F:GCRieber.API.Enums.DetailLevels.UserProperties">
            <summary>
            user properties
            </summary>
        </member>
        <member name="F:GCRieber.API.Enums.DetailLevels.Price_Location">
            <summary>
            site properties = 12
            </summary>
        </member>
        <member name="T:GCRieber.API.Enums.Payments">
            <summary>
            Enums for payment
            </summary>
        </member>
        <member name="F:GCRieber.API.Enums.Payments.Payment_mode">
            <summary>
            Mode of payment
            </summary>
        </member>
        <member name="F:GCRieber.API.Enums.Payments.Payment_status">
            <summary>
            Status of payment
            </summary>
        </member>
        <member name="T:GCRieber.API.Helpers.AppHelper">
            <summary>
            Application helper methods
            </summary>
        </member>
        <member name="M:GCRieber.API.Helpers.AppHelper.SplitWords(System.String)">
            <summary>
            Split on all non-word characters.
            </summary>
            <param name="s"></param>
            <returns>Returns an array of all the words.</returns>
        </member>
        <member name="M:GCRieber.API.Helpers.AppHelper.IsAlpha(System.String)">
            <summary>
            Check string contains only alphabets
            </summary>
            <param name="s"></param>
            <returns></returns>
        </member>
        <member name="M:GCRieber.API.Helpers.AppHelper.IsNumeric(System.String)">
            <summary>
            String contains only numeric
            </summary>
            <param name="s"></param>
            <returns></returns>
        </member>
        <member name="M:GCRieber.API.Helpers.AppHelper.TryLookupRemoteIpAddress(Microsoft.AspNetCore.Http.HttpRequest,Microsoft.AspNetCore.Http.IHttpContextAccessor,System.String@)">
            <summary>
            Attempt to lookup remote IP address by looking at the header X-Forwarded-For, then the HttpContextAccessor.
            </summary>
            <param name="request">HTTP request</param>
            <param name="accessor">HTTP context accessor</param>
            <param name="ipAddress">value to be set</param>
            <returns>IP address</returns>
        </member>
        <member name="M:GCRieber.API.Helpers.AppHelper.TimeStamp">
            <summary>
            Time stamp for planyo api
            </summary>
            <returns></returns>
        </member>
        <member name="M:GCRieber.API.Helpers.AppHelper.CreateHash(System.String)">
            <summary>
            Create md5 hash
            </summary>
            <param name="input"></param>
            <returns></returns>
        </member>
        <member name="M:GCRieber.API.Helpers.AppHelper.GetActiveUserId(System.Security.Claims.ClaimsIdentity)">
            <summary>
            Get id of request user
            </summary>
            <param name="identity"></param>
            <returns></returns>
        </member>
        <member name="M:GCRieber.API.Helpers.AppHelper.GetActiveUserEmail(System.Security.Claims.ClaimsIdentity)">
            <summary>
            Get the email of requested user
            </summary>
            <param name="identity"></param>
            <returns></returns>
        </member>
        <member name="M:GCRieber.API.Helpers.AppHelper.GetDescription``1(``0)">
            <summary>
            
            </summary>
            <typeparam name="T"></typeparam>
            <param name="e"></param>
            <returns></returns>
        </member>
        <member name="T:GCRieber.API.Helpers.ReservationActions">
            <summary>
            Reservation actions
            </summary>
        </member>
        <member name="F:GCRieber.API.Helpers.ReservationActions.Verify">
            <summary>
            email address verified
            </summary>
        </member>
        <member name="F:GCRieber.API.Helpers.ReservationActions.Confirm">
            <summary>
            Confirm
            </summary>
        </member>
        <member name="F:GCRieber.API.Helpers.ReservationActions.Preapprove">
            <summary>
            automatically confirm this and all future reservations of this user
            </summary>
        </member>
        <member name="F:GCRieber.API.Helpers.ReservationActions.Fraud">
            <summary>
            cancel this reservation and prevent this customer from making future reservations
            </summary>
        </member>
        <member name="F:GCRieber.API.Helpers.ReservationActions.Cancel">
            <summary>
            reservation cancelled by the administrator
            </summary>
        </member>
        <member name="F:GCRieber.API.Helpers.ReservationActions.UserCancel">
            <summary>
            reservation cancelled by the customer
            </summary>
        </member>
        <member name="F:GCRieber.API.Helpers.ReservationActions.Checkin">
            <summary>
            customer is checking in
            </summary>
        </member>
        <member name="F:GCRieber.API.Helpers.ReservationActions.ClearCheckin">
            <summary>
            remove the checked-in status
            </summary>
        </member>
        <member name="F:GCRieber.API.Helpers.ReservationActions.Checkout">
            <summary>
            customer is checking out
            </summary>
        </member>
        <member name="F:GCRieber.API.Helpers.ReservationActions.Noshow">
            <summary>
            customer hasn't showed up
            </summary>
        </member>
        <member name="F:GCRieber.API.Helpers.ReservationActions.ClearNoshow">
            <summary>
            remove the no - show status
            </summary>
        </member>
        <member name="F:GCRieber.API.Helpers.ReservationActions.Unconfirm">
            <summary>
            remove the confirmed status
            </summary>
        </member>
        <member name="F:GCRieber.API.Helpers.ReservationActions.Uncancel">
            <summary>
            remove the canceled status
            </summary>
        </member>
        <member name="F:GCRieber.API.Helpers.ReservationActions.MakeNotCompleted">
            <summary>
            remove both the reserved and confirmed statuses
            </summary>
        </member>
        <member name="F:GCRieber.API.Helpers.ReservationActions.MarkAsQuote">
            <summary>
            remove the reserved status and mark reservation as a quotation
            </summary>
        </member>
        <member name="T:GCRieber.API.Helpers.IResult">
            <summary>
            IResult data return type
            </summary>
        </member>
        <member name="P:GCRieber.API.Helpers.IResult.Operation">
            <summary>
            operation type property
            </summary>
        </member>
        <member name="P:GCRieber.API.Helpers.IResult.Status">
            <summary>
            operation status
            </summary>
        </member>
        <member name="P:GCRieber.API.Helpers.IResult.Message">
            <summary>
            Oparation message if any
            </summary>
        </member>
        <member name="P:GCRieber.API.Helpers.IResult.Body">
            <summary>
            operation body
            </summary>
        </member>
        <member name="P:GCRieber.API.Helpers.IResult.StatusCode">
            <summary>
            Http status code
            </summary>
        </member>
        <member name="T:GCRieber.API.Helpers.Result">
            <summary>
            Result 
            </summary>
        </member>
        <member name="P:GCRieber.API.Helpers.Result.Operation">
            <summary>
            operation type property
            </summary>
        </member>
        <member name="P:GCRieber.API.Helpers.Result.Status">
            <summary>
            operation status
            </summary>
        </member>
        <member name="P:GCRieber.API.Helpers.Result.Message">
            <summary>
            Oparation message if any
            </summary>
        </member>
        <member name="P:GCRieber.API.Helpers.Result.Body">
            <summary>
            operation body
            </summary>
        </member>
        <member name="P:GCRieber.API.Helpers.Result.StatusCode">
            <summary>
            Http status code
            </summary>
        </member>
        <member name="T:GCRieber.API.Helpers.PlanyoApiClient">
            <summary>
            Planyo settings
            </summary>
        </member>
        <member name="P:GCRieber.API.Helpers.PlanyoApiClient.ApiBaseUrL">
            <summary>
            Planyo api base url
            </summary>
        </member>
        <member name="P:GCRieber.API.Helpers.PlanyoApiClient.ApiKey">
            <summary>
            Planyo api key
            </summary>
        </member>
        <member name="P:GCRieber.API.Helpers.PlanyoApiClient.ApiHashKey">
            <summary>
            Planyo api hash key
            it is to use only if hash is enabled
            </summary>
        </member>
        <member name="M:GCRieber.API.Helpers.PlanyoApiClient.#ctor(Microsoft.Extensions.Configuration.IConfiguration)">
            <summary>
            Initialize the planyo settings
            </summary>
            <param name="configuration"></param>
        </member>
        <member name="M:GCRieber.API.Helpers.PlanyoApiClient.ExecuteApiAsync``1(RestSharp.RestRequest,System.String)">
            <summary>
            Execute api async
            </summary>
            <typeparam name="T"></typeparam>
            <param name="request"></param>
            <param name="methodName"></param>
            <returns></returns>
        </member>
        <member name="M:GCRieber.API.Startup.ConfigureAuth(Microsoft.Extensions.DependencyInjection.IServiceCollection)">
            <summary>
            In development mode, we must ensure that unauthenticated users have access.
            </summary>
            <param name="services"></param>
        </member>
        <member name="M:GCRieber.API.Startup.#ctor(Microsoft.Extensions.Configuration.IConfiguration,Microsoft.AspNetCore.Hosting.IHostingEnvironment)">
            <summary>
            start up
            </summary>
            <param name="configuration"></param>
            <param name="environment"></param>
        </member>
        <member name="M:GCRieber.API.Startup.ConfigureServices(Microsoft.Extensions.DependencyInjection.IServiceCollection)">
            <summary>
            This method gets called by the runtime. Use this method to add services to the container.
            </summary>
            <param name="services"></param>
        </member>
        <member name="M:GCRieber.API.Startup.Configure(Microsoft.AspNetCore.Builder.IApplicationBuilder,Microsoft.AspNetCore.Hosting.IHostingEnvironment,Microsoft.Extensions.Logging.ILoggerFactory)">
            <summary>
            This method gets called by the runtime. Use this method to configure the HTTP request pipeline.
            </summary>
            <param name="app"></param>
            <param name="env"></param>
            <param name="loggerFactory"></param>
        </member>
        <member name="M:GCRieber.API.Startup.ConfigureSwagger(Microsoft.Extensions.DependencyInjection.IServiceCollection)">
            <summary>
            swagger configuration
            </summary>
            <param name="services"></param>
        </member>
        <member name="M:GCRieber.API.Startup.ConfigureSwaggerUiAuth(Microsoft.AspNetCore.Http.HttpContext)">
            <summary>
            swagger ui auth
            </summary>
            <param name="context"></param>
        </member>
        <member name="M:GCRieber.API.Startup.ConfigureMonitoring(Microsoft.Extensions.DependencyInjection.IServiceCollection)">
            <summary>
            configure monitoring
            </summary>
            <param name="services"></param>
        </member>
        <member name="T:GCRieber.API.ViewModels.BookingListViewModel">
            <summary>
            Booking List
            </summary>
        </member>
        <member name="P:GCRieber.API.ViewModels.BookingListViewModel.Results">
            <summary>
            Result property
            </summary>
        </member>
        <member name="T:GCRieber.API.ViewModels.Booking">
            <summary>
            Result of the search
            </summary>
        </member>
        <member name="P:GCRieber.API.ViewModels.Booking.ReservationId">
            <summary>
            Reservation ID of resource
            </summary>
        </member>
        <member name="P:GCRieber.API.ViewModels.Booking.Status">
            <summary>
            Status of booking
            </summary>
        </member>
        <member name="P:GCRieber.API.ViewModels.Booking.StatusText">
            <summary>
            Current status text
            </summary>
        </member>
        <member name="P:GCRieber.API.ViewModels.Booking.UserText">
            <summary>
            Text to be displayed to user
            </summary>
        </member>
        <member name="P:GCRieber.API.ViewModels.Booking.Quantity">
            <summary>
            Quantity of resource
            </summary>
        </member>
        <member name="P:GCRieber.API.ViewModels.Booking.StartTime">
            <summary>
            Start time of booking
            </summary>
        </member>
        <member name="P:GCRieber.API.ViewModels.Booking.EndTime">
            <summary>
            End time of booking
            </summary>
        </member>
        <member name="P:GCRieber.API.ViewModels.Booking.Currency">
            <summary>
            Currency of price
            </summary>
        </member>
        <member name="P:GCRieber.API.ViewModels.Booking.FirstName">
            <summary>
            First name of customer
            </summary>
        </member>
        <member name="P:GCRieber.API.ViewModels.Booking.LastName">
            <summary>
            Last name of customer
            </summary>
        </member>
        <member name="P:GCRieber.API.ViewModels.Booking.Email">
            <summary>
            Email id of customer
            </summary>
        </member>
        <member name="P:GCRieber.API.ViewModels.Booking.ResourceId">
            <summary>
            Resource Id
            </summary>
        </member>
        <member name="P:GCRieber.API.ViewModels.Booking.Name">
            <summary>
            Resource Name
            </summary>
        </member>
        <member name="P:GCRieber.API.ViewModels.Booking.TotalPrice">
            <summary>
            Total price of booking
            </summary>
        </member>
        <member name="P:GCRieber.API.ViewModels.Booking.OriginalPrice">
            <summary>
            Original price of booking
            </summary>
        </member>
        <member name="P:GCRieber.API.ViewModels.Booking.Resource_properties">
            <summary>
            Properties of resource
            </summary>
        </member>
        <member name="T:GCRieber.API.ViewModels.ResourceProperties">
            <summary>
            Resource properties description
            </summary>
        </member>
        <member name="P:GCRieber.API.ViewModels.ResourceProperties.Antall_personer">
            <summary>
            No of persons
            </summary>
        </member>
        <member name="P:GCRieber.API.ViewModels.ResourceProperties.Location">
            <summary>
            Location of resource
            </summary>
        </member>
        <member name="P:GCRieber.API.ViewModels.ResourceProperties.Description">
            <summary>
            Description about resource
            </summary>
        </member>
        <member name="P:GCRieber.API.ViewModels.ResourceProperties.Hidden_flex_admin_duration">
            <summary>
            Hidden flex admin duration
            </summary>
        </member>
        <member name="P:GCRieber.API.ViewModels.ResourceProperties.Hidden_login_required">
            <summary>
            Hidden login required
            </summary>
        </member>
        <member name="T:GCRieber.API.ViewModels.BookingViewModel">
            <summary>
            Booking view model
            </summary>
        </member>
        <member name="P:GCRieber.API.ViewModels.BookingViewModel.Start_Date">
            <summary>
            Start Date and time
            </summary>
        </member>
        <member name="P:GCRieber.API.ViewModels.BookingViewModel.End_Date">
            <summary>
            End Date and time 
            </summary>
        </member>
        <member name="P:GCRieber.API.ViewModels.BookingViewModel.Quantity">
            <summary>
            Quantity of Resource
            </summary>
        </member>
        <member name="P:GCRieber.API.ViewModels.BookingViewModel.First_name">
            <summary>
            First Name
            </summary>
        </member>
        <member name="P:GCRieber.API.ViewModels.BookingViewModel.Last_name">
            <summary>
            Last Name
            </summary>
        </member>
        <member name="T:GCRieber.API.ViewModels.BookingPaymentViewModel">
            <summary>
            Add Booking payment details view model
            </summary>
        </member>
        <member name="P:GCRieber.API.ViewModels.BookingPaymentViewModel.ReservationId">
            <summary>
            Reservation ID of resource
            </summary>
        </member>
        <member name="P:GCRieber.API.ViewModels.BookingPaymentViewModel.Payment_mode">
            <summary>
            Mode of payment
            </summary>
        </member>
        <member name="P:GCRieber.API.ViewModels.BookingPaymentViewModel.Payment_status">
            <summary>
            Payment status 
            </summary>
        </member>
        <member name="P:GCRieber.API.ViewModels.BookingPaymentViewModel.Payment_response_code">
            <summary>
            Payment response code 
            </summary>
        </member>
        <member name="P:GCRieber.API.ViewModels.BookingPaymentViewModel.Transaction_id">
            <summary>
            Transaction id of payment  
            </summary>
        </member>
        <member name="P:GCRieber.API.ViewModels.BookingPaymentViewModel.Transaction_status_text">
            <summary>
            Transaction status text
            </summary>
        </member>
        <member name="P:GCRieber.API.ViewModels.BookingPaymentViewModel.Amount">
            <summary>
            Amount paid
            </summary>
        </member>
        <member name="P:GCRieber.API.ViewModels.BookingPaymentViewModel.Currency">
            <summary>
            currency of payment
            </summary>
        </member>
        <member name="T:GCRieber.API.ViewModels.BookingPaymentResponseViewModel">
            <summary>
            Add Booking payment details response
            </summary>
        </member>
        <member name="P:GCRieber.API.ViewModels.BookingPaymentResponseViewModel.Status">
            <summary>
            Status
            </summary>
        </member>
        <member name="P:GCRieber.API.ViewModels.BookingPaymentResponseViewModel.Payment_id">
            <summary>
            payment id
            </summary>
        </member>
        <member name="T:GCRieber.API.ViewModels.ListBookingPaymentResponseViewModel">
            <summary>
            Listing booking payment details response
            </summary>
        </member>
        <member name="P:GCRieber.API.ViewModels.ListBookingPaymentResponseViewModel.Results">
            <summary>
            Result property
            </summary>
        </member>
        <member name="T:GCRieber.API.ViewModels.ListReservationPayment">
            <summary>
            result response
            </summary>
        </member>
        <member name="P:GCRieber.API.ViewModels.ListReservationPayment.Payment_id">
            <summary>
            Payment ID of resource
            </summary>
        </member>
        <member name="P:GCRieber.API.ViewModels.ListReservationPayment.Amount">
            <summary>
            Amount of payment
            </summary>
        </member>
        <member name="P:GCRieber.API.ViewModels.ListReservationPayment.Currency">
            <summary>
            Currency 
            </summary>
        </member>
        <member name="P:GCRieber.API.ViewModels.ListReservationPayment.Payment_status">
            <summary>
            Payment status
            </summary>
        </member>
        <member name="P:GCRieber.API.ViewModels.ListReservationPayment.Payment_time">
            <summary>
            Time of payment
            </summary>
        </member>
        <member name="P:GCRieber.API.ViewModels.ListReservationPayment.Payment_mode">
            <summary>
            Payment mode
            </summary>
        </member>
        <member name="P:GCRieber.API.ViewModels.ListReservationPayment.Transaction_id">
            <summary>
            Transaction id
            </summary>
        </member>
        <member name="P:GCRieber.API.ViewModels.ListReservationPayment.Uid">
            <summary>
            Uid
            </summary>
        </member>
        <member name="T:GCRieber.API.ViewModels.ListPaymentViewModel">
            <summary>
            List Payment view model
            </summary>
        </member>
        <member name="P:GCRieber.API.ViewModels.ListPaymentViewModel.Start_date">
            <summary>
            Start date
            </summary>
        </member>
        <member name="P:GCRieber.API.ViewModels.ListPaymentViewModel.End_date">
            <summary>
            End Date 
            </summary>
        </member>
        <member name="T:GCRieber.API.ViewModels.ListPaymentResponseViewModel">
            <summary>
            Listing payment response
            </summary>
        </member>
        <member name="P:GCRieber.API.ViewModels.ListPaymentResponseViewModel.Results">
            <summary>
            Result property
            </summary>
        </member>
        <member name="T:GCRieber.API.ViewModels.ListPayment">
            <summary>
            Result response
            </summary>
        </member>
        <member name="P:GCRieber.API.ViewModels.ListPayment.Payment_amount">
            <summary>
            Payment Amount
            </summary>
        </member>
        <member name="P:GCRieber.API.ViewModels.ListPayment.Payment_mode_id">
            <summary>
            Payment mode id
            </summary>
        </member>
        <member name="P:GCRieber.API.ViewModels.ListPayment.Payment_id">
            <summary>
            Payment id 
            </summary>
        </member>
        <member name="P:GCRieber.API.ViewModels.ListPayment.Payment_date">
            <summary>
            Date of Payment 
            </summary>
        </member>
        <member name="P:GCRieber.API.ViewModels.ListPayment.Payment_mode">
            <summary>
            Payment mode used
            </summary>
        </member>
        <member name="P:GCRieber.API.ViewModels.ListPayment.Custom_id">
            <summary>
             ID of the payment in the payment gateway
            </summary>
        </member>
        <member name="P:GCRieber.API.ViewModels.ListPayment.Payment_currency">
            <summary>
            Currency used 
            </summary>
        </member>
        <member name="P:GCRieber.API.ViewModels.ListPayment.Payment_comment">
            <summary>
            Additional info about the payment
            </summary>
        </member>
        <member name="P:GCRieber.API.ViewModels.ListPayment.Status_code">
            <summary>
            Status code of the payment 
            </summary>
        </member>
        <member name="P:GCRieber.API.ViewModels.ListPayment.Reservation_id">
            <summary>
            Reservation ID for which the payment was made 
            </summary>
        </member>
        <member name="P:GCRieber.API.ViewModels.ListPayment.Resource_id">
            <summary>
             ID of the reserved resource
            </summary>
        </member>
        <member name="P:GCRieber.API.ViewModels.ListPayment.User_id">
            <summary>
            User ID of the reservation
            </summary>
        </member>
        <member name="P:GCRieber.API.ViewModels.ListPayment.Email">
            <summary>
            Email id of customer
            </summary>
        </member>
        <member name="P:GCRieber.API.ViewModels.ListPayment.First_name">
            <summary>
            First name of customer 
            </summary>
        </member>
        <member name="P:GCRieber.API.ViewModels.ListPayment.Last_name">
            <summary>
            Last name  of customer 
            </summary>
        </member>
        <member name="P:GCRieber.API.ViewModels.ListPayment.Site_id">
            <summary>
            Site id 
            </summary>
        </member>
        <member name="P:GCRieber.API.ViewModels.ListPayment.Status">
            <summary>
            Status name
            </summary>
        </member>
        <member name="T:GCRieber.API.ViewModels.DeleteBookingDataViewModel">
            <summary>
            Delete Reservation View Model
            </summary>
        </member>
        <member name="P:GCRieber.API.ViewModels.DeleteBookingDataViewModel.Status">
            <summary>
            Status of reservation
            </summary>
        </member>
        <member name="P:GCRieber.API.ViewModels.DeleteBookingDataViewModel.StatusText">
            <summary>
            Current status text
            </summary>
        </member>
        <member name="P:GCRieber.API.ViewModels.DeleteBookingDataViewModel.UserText">
            <summary>
            User Text
            </summary>
        </member>
        <member name="T:GCRieber.API.ViewModels.BookingResponseViewModel">
            <summary>
            Booking response model
            </summary>
        </member>
        <member name="P:GCRieber.API.ViewModels.BookingResponseViewModel.ReservationId">
            <summary>
            Reservation ID of resource
            </summary>
        </member>
        <member name="P:GCRieber.API.ViewModels.BookingResponseViewModel.Status">
            <summary>
            Status of booking
            </summary>
        </member>
        <member name="P:GCRieber.API.ViewModels.BookingResponseViewModel.StatusText">
            <summary>
            Current status text
            </summary>
        </member>
        <member name="P:GCRieber.API.ViewModels.BookingResponseViewModel.UserText">
            <summary>
            Text to be displayed to user
            </summary>
        </member>
        <member name="P:GCRieber.API.ViewModels.BookingResponseViewModel.ResourceId">
            <summary>
            Resource Id
            </summary>
        </member>
        <member name="P:GCRieber.API.ViewModels.BookingResponseViewModel.Currency">
            <summary>
            Currency
            </summary>
        </member>
        <member name="P:GCRieber.API.ViewModels.BookingResponseViewModel.Properties">
            <summary>
            Properties
            </summary>
        </member>
        <member name="P:GCRieber.API.ViewModels.BookingResponseViewModel.TotalPrice">
            <summary>
            Total price of booking
            </summary>
        </member>
        <member name="P:GCRieber.API.ViewModels.BookingResponseViewModel.OriginalPrice">
            <summary>
            Original price of booking
            </summary>
        </member>
        <member name="P:GCRieber.API.ViewModels.BookingResponseViewModel.Discount">
            <summary>
            Discount
            </summary>
        </member>
        <member name="T:GCRieber.API.ViewModels.BookingResponseProperties">
            <summary>
            Booking response properites
            </summary>
        </member>
        <member name="P:GCRieber.API.ViewModels.BookingResponseProperties.Rental_tax_rate">
            <summary>
            Rental Tax Rate
            </summary>
        </member>
        <member name="T:GCRieber.API.ViewModels.PlanyoResponseViewModel`1">
            <summary>
            Planyo response view model
            </summary>
            <typeparam name="T"></typeparam>
        </member>
        <member name="P:GCRieber.API.ViewModels.PlanyoResponseViewModel`1.ResponseCode">
            <summary>
            Response code
            </summary>
        </member>
        <member name="P:GCRieber.API.ViewModels.PlanyoResponseViewModel`1.ResponseMessage">
            <summary>
            Response message
            </summary>
        </member>
        <member name="P:GCRieber.API.ViewModels.PlanyoResponseViewModel`1.Data">
            <summary>
            Resource list json
            </summary>
        </member>
        <member name="T:GCRieber.API.ViewModels.ResourceDetailViewModel">
            <summary>
            Resource data view model
            </summary>
        </member>
        <member name="P:GCRieber.API.ViewModels.ResourceDetailViewModel.Name">
            <summary>
            Resource name
            </summary>
        </member>
        <member name="P:GCRieber.API.ViewModels.ResourceDetailViewModel.TranslatedName">
            <summary>
            Resource name translated to the language passed.
            </summary>
        </member>
        <member name="P:GCRieber.API.ViewModels.ResourceDetailViewModel.Quantity">
            <summary>
            Number of units available
            </summary>
        </member>
        <member name="P:GCRieber.API.ViewModels.ResourceDetailViewModel.Properties">
            <summary>
            Resource-specific properties 
            </summary>
        </member>
        <member name="P:GCRieber.API.ViewModels.ResourceDetailViewModel.Photos">
            <summary>
            Photos Array with photoId as key
            </summary>
        </member>
        <member name="P:GCRieber.API.ViewModels.ResourceDetailViewModel.TimeUnit">
            <summary>
            Base time unit of the resource
            </summary>
        </member>
        <member name="P:GCRieber.API.ViewModels.ResourceDetailViewModel.StartHour">
            <summary>
            Resource is available on working days from this time
            </summary>
        </member>
        <member name="P:GCRieber.API.ViewModels.ResourceDetailViewModel.EndHour">
            <summary>
            Resource is available on working days until this time 
            </summary>
        </member>
        <member name="P:GCRieber.API.ViewModels.ResourceDetailViewModel.StartQuarters">
            <summary>
            Allowed start quarters  
            </summary>
        </member>
        <member name="P:GCRieber.API.ViewModels.ResourceDetailViewModel.UnitPrice">
            <summary>
            Price of one unit
            </summary>
        </member>
        <member name="P:GCRieber.API.ViewModels.ResourceDetailViewModel.UnitNames">
            <summary>
            Comma-seprated unit names
            </summary>
        </member>
        <member name="P:GCRieber.API.ViewModels.ResourceDetailViewModel.Currency">
            <summary>
            Currency in which prices are expressed
            </summary>
        </member>
        <member name="P:GCRieber.API.ViewModels.ResourceDetailViewModel.MaxQuantityPerRental">
            <summary>
            Max. quantity allowed for a single reservation
            </summary>
        </member>
        <member name="P:GCRieber.API.ViewModels.ResourceDetailViewModel.MinRentalTime">
            <summary>
            Minimum rental time expressed in hours
            </summary>
        </member>
        <member name="P:GCRieber.API.ViewModels.ResourceDetailViewModel.MaxRentalTime">
            <summary>
            Maximum rental time expressed in hours
            </summary>
        </member>
        <member name="P:GCRieber.API.ViewModels.ResourceDetailViewModel.StartTimes">
            <summary>
            Resource setting Restrict starting times.
            </summary>
        </member>
        <member name="P:GCRieber.API.ViewModels.ResourceDetailViewModel.MinHoursToRental">
            <summary>
            Resource setting Min. time between reservation and rental.
            </summary>
        </member>
        <member name="P:GCRieber.API.ViewModels.ResourceDetailViewModel.MaxDaysToRental">
            <summary>
            Resource setting Max. time between reservation and rental. 
            </summary>
        </member>
        <member name="T:GCRieber.API.ViewModels.Photo">
            <summary>
            Information about image
            </summary>
        </member>
        <member name="P:GCRieber.API.ViewModels.Photo.Id">
             <summary>
            Image Id
             </summary>
        </member>
        <member name="P:GCRieber.API.ViewModels.Photo.Path">
             <summary>
            Image path
             </summary>
        </member>
        <member name="P:GCRieber.API.ViewModels.Photo.Title">
             <summary>
            Image title
             </summary>
        </member>
        <member name="T:GCRieber.API.ViewModels.Properties">
            <summary>
            properties
            </summary>
        </member>
        <member name="P:GCRieber.API.ViewModels.Properties.NumberOfPersons">
             <summary>
            No. of persons
             </summary>
        </member>
        <member name="P:GCRieber.API.ViewModels.Properties.Description">
             <summary>
            Description
             </summary>
        </member>
        <member name="P:GCRieber.API.ViewModels.Properties.GpsCoords">
             <summary>
            GPS coordinates of Resource
             </summary>
        </member>
        <member name="P:GCRieber.API.ViewModels.Properties.Xyz">
             <summary>
            xyz
             </summary>
        </member>
        <member name="T:GCRieber.API.ViewModels.ResourceDataViewModel">
            <summary>
            Resource data view model
            </summary>
        </member>
        <member name="P:GCRieber.API.ViewModels.ResourceDataViewModel.ResourceCount">
            <summary>
            Total number of resources
            </summary>
        </member>
        <member name="P:GCRieber.API.ViewModels.ResourceDataViewModel.MaxPage">
            <summary>
            Max pages
            </summary>
        </member>
        <member name="P:GCRieber.API.ViewModels.ResourceDataViewModel.Resources">
            <summary>
            Resources
            </summary>
        </member>
        <member name="T:GCRieber.API.ViewModels.ResourceItemViewModel">
            <summary>
            Single Resource item
            </summary>
        </member>
        <member name="P:GCRieber.API.ViewModels.ResourceItemViewModel.Name">
            <summary>
            Resource Name
            </summary>
        </member>
        <member name="P:GCRieber.API.ViewModels.ResourceItemViewModel.Id">
            <summary>
            Resource id
            </summary>
        </member>
        <member name="T:GCRieber.API.ViewModels.UpdateBookingResponseViewModel">
            <summary>
            Update booking response
            </summary>
        </member>
        <member name="P:GCRieber.API.ViewModels.UpdateBookingResponseViewModel.WarningText">
            <summary>
            Warning Text
            </summary>
        </member>
        <member name="P:GCRieber.API.ViewModels.UpdateBookingResponseViewModel.Status">
            <summary>
            Status of reservation
            </summary>
        </member>
        <member name="T:GCRieber.API.ViewModels.UpdateBookingViewModel">
            <summary>
            Modify booking view model
            </summary>
        </member>
        <member name="P:GCRieber.API.ViewModels.UpdateBookingViewModel.StartTime">
            <summary>
            Start date and time
            </summary>
        </member>
        <member name="P:GCRieber.API.ViewModels.UpdateBookingViewModel.EndTime">
            <summary>
            End date and time 
            </summary>
        </member>
        <member name="P:GCRieber.API.ViewModels.UpdateBookingViewModel.ResourceId">
            <summary>
            Resource id to modify
            </summary>
        </member>
        <member name="P:GCRieber.API.ViewModels.UpdateBookingViewModel.Location">
            <summary>
            Location of the resource
            </summary>
        </member>
        <member name="T:GCRieber.API.ViewModels.GetUserDataViewModel">
            <summary>
            Get user data view model
            </summary>
        </member>
        <member name="P:GCRieber.API.ViewModels.GetUserDataViewModel.Id">
            <summary>
            User ID
            </summary>
        </member>
        <member name="P:GCRieber.API.ViewModels.GetUserDataViewModel.Email">
            <summary>
            User Email
            </summary>
        </member>
        <member name="P:GCRieber.API.ViewModels.GetUserDataViewModel.First_name">
            <summary>
            First name of user
            </summary>
        </member>
        <member name="T:GCRieber.API.ViewModels.CreateUserDataViewModel">
            <summary>
            Create new user data model
            </summary>
        </member>
        <member name="P:GCRieber.API.ViewModels.CreateUserDataViewModel.User_id">
            <summary>
            Status of reservation
            </summary>
        </member>
        <member name="P:GCRieber.API.ViewModels.CreateUserDataViewModel.Is_new">
            <summary>
            Status of reservation
            </summary>
        </member>
    </members>
</doc>
